stimFile,ITI_1,ITI_2
zooplanktons\1.jpg,0.508908117,0.937140967
zooplanktons\2.jpg,0.495121804,1.370895488
zooplanktons\5.jpg,0.223402359,2.091451947
zooplanktons\3.jpg,0.269581676,0.718798643
zooplanktons\4.jpg,0.629445677,0.498912305
zooplanktons\6.jpg,0.449089698,2.022134027
