stimFile,ITI_1,ITI_2
faces\amu6.jpg,0.248790347,0.81418665
faces\bfu2.jpg,0.426781901,1.257100632
faces\bfu5.jpg,0.256073978,1.152864969
faces\bms4.jpg,0.564061727,2.210429605
faces\ams3.jpg,0.395105909,2.617151493
faces\afu1.jpg,0.775029539,1.623594341
